{"cameraMode":{"drawMode":0,"name":"Shaded","section":"Shading Mode"},"sceneLighting":false,"audioPlay":false,"sceneViewState":{"m_AlwaysRefresh":false,"showFog":true,"showSkybox":false,"showFlares":true,"showImageEffects":true,"showParticleSystems":true,"showVisualEffectGraphs":true,"m_FxEnabled":true},"in2DMode":false,"pivot":{"x":12.805713653564454,"y":-2.3003485202789308,"z":-7.017699718475342},"rotation":{"x":0.12327417731285095,"y":0.21733102202415467,"z":-0.02744450233876705,"w":0.9681603908538818},"size":5.488980293273926,"orthographic":true}