{"cameraMode":{"drawMode":0,"name":"Shaded","section":"Shading Mode"},"sceneLighting":false,"audioPlay":false,"sceneViewState":{"m_AlwaysRefresh":false,"showFog":true,"showSkybox":false,"showFlares":true,"showImageEffects":true,"showParticleSystems":true,"showVisualEffectGraphs":true,"m_FxEnabled":true},"in2DMode":false,"pivot":{"x":-0.04160308837890625,"y":638.4849243164063,"z":-94.11174011230469},"rotation":{"x":0.013795378617942334,"y":-0.014439725317060948,"z":0.0006109070964157581,"w":1.0001988410949708},"size":1752.9969482421875,"orthographic":true}