{"cameraMode":{"drawMode":0,"name":"Shaded","section":"Shading Mode"},"sceneLighting":false,"audioPlay":false,"sceneViewState":{"m_AlwaysRefresh":false,"showFog":true,"showSkybox":false,"showFlares":true,"showImageEffects":true,"showParticleSystems":true,"showVisualEffectGraphs":true,"m_FxEnabled":true},"in2DMode":false,"pivot":{"x":505.4086608886719,"y":-300.8005065917969,"z":-99.99441528320313},"rotation":{"x":0.05458766222000122,"y":-0.006001063156872988,"z":0.001059501781128347,"w":0.9988952279090881},"size":284.35968017578127,"orthographic":true}