{"cameraMode":{"drawMode":0,"name":"Shaded","section":"Shading Mode"},"sceneLighting":false,"audioPlay":false,"sceneViewState":{"m_AlwaysRefresh":false,"showFog":true,"showSkybox":false,"showFlares":true,"showImageEffects":true,"showParticleSystems":true,"showVisualEffectGraphs":true,"m_FxEnabled":true},"in2DMode":false,"pivot":{"x":17.224864959716798,"y":2.4263417720794679,"z":-15.50600528717041},"rotation":{"x":0.035515159368515018,"y":0.24807694554328919,"z":-0.00884336233139038,"w":0.9683214426040649},"size":7.236151695251465,"orthographic":true}